Cell,mPFC_AugmentedGIFs,mPFC_GIFs,mPFC_iGIF_NPs,mPFC_iGIF_VRs
APFC4,0.07906138362273729,0.09905043815331427,0.09905043815331427,0.09905043815331427
APFC5,0.39190957436324847,0.13912192917307664,0.13912192917307664,0.13912192917307664
APFC6,0.705112900516831,0.6279040013764575,0.6279040013764575,0.6279040013764575
APFC7,0.8272924211957953,0.685907855027865,0.685907855027865,0.685907855027865
APFC8,0.7789756573015244,0.5876442989345223,0.5876442989345223,0.5876442989345223
APFC9,0.359752524984407,0.315568392220409,0.315568392220409,0.315568392220409
APFC6,0.705112900516831,0.6279040013764575,0.6279040013764575,0.6279040013764575
