Cell,mPFC_AugmentedGIFs,mPFC_GIFs,mPFC_iGIF_NPs,mPFC_iGIF_VRs
APFC4,0.3858897530436498,0.6543845412882732,0.6543845412882732,0.6323877715163806
APFC5,0.8957731256876809,0.8735789396532025,0.8735789396532025,0.8736088777093927
APFC6,0.9373050668192694,0.9423840226728405,0.9423840226728405,0.9423845612099359
APFC7,0.9405112724979555,0.9337678301316181,0.9337678301316181,0.8895282815381146
APFC8,0.8866826394344429,0.9043920421839869,0.9043920421839869,0.8938351441928457
APFC9,0.7468964348020397,0.8534394260610809,0.8534394260610809,0.819209637544506
APFC6,0.9373050668192694,0.9423840226728405,0.9423840226728405,0.9423845612099359
