Cell,mPFC_AugmentedGIFs,mPFC_GIFs,mPFC_iGIF_NPs,mPFC_iGIF_VRs
APFC4,0.4626341944271498,0.5041148147210671,0.5873327468398045,0.6106821417850592
APFC5,0.9452317478027646,0.9091021629143329,0.9492486277560594,0.9463577496503374
APFC6,0.8791212772398584,0.901186502766929,0.9701528739159694,0.9707858655069815
APFC7,0.8262896776478786,0.8141232127405866,0.8710048228416841,0.8817009457003063
APFC8,0.7134662158158261,0.756464444829691,0.8056684875896287,0.7829846100159655
APFC9,0.5755918824905149,0.802867300864879,0.8902668188279765,0.9010518140558497
APFC6,0.8483146240608246,0.8408562785492761,0.8094158008384198,0.829931408983758
